posX, posY, posZ, velX, velY, velZ, angVelX, angVelY, angVelZ, accX, accY, accZ, rotX, rotY, rotZ, rotW, angAccX, angAccY, angAccZ
0.05594,1.35501,-0.40123,-0.23192,0.28405,-0.19611,-1.04311,-0.04006,1.59022,0.61260,0.73946,0.99354,0.15893,-0.84108,-0.09690,-0.50787,15.29035,-4.42051,-8.99396
0.05294,1.35965,-0.40329,-0.22935,0.29534,-0.18407,-0.83748,-0.03348,1.52494,-0.13315,1.13552,0.92419,0.16742,-0.83974,-0.10033,-0.50669,17.03366,-0.08998,-7.29391
0.04925,1.36493,-0.40500,-0.23963,0.31589,-0.16905,-0.52858,0.02394,1.51938,-0.97093,1.66701,0.80686,0.17454,-0.83850,-0.10820,-0.50473,18.38927,4.44515,-1.88896
0.04522,1.37054,-0.40683,-0.25279,0.33705,-0.15945,-0.27621,0.08421,1.53955,-1.17615,1.85565,0.74582,0.18193,-0.83719,-0.11699,-0.50232,19.93738,6.98455,1.91236
0.04086,1.37675,-0.40852,-0.26834,0.36303,-0.15025,0.04809,0.19826,1.54899,-0.98641,1.72780,0.40032,0.18698,-0.83633,-0.12932,-0.49887,21.79527,8.38629,1.49078
0.03657,1.38333,-0.41049,-0.27847,0.38957,-0.14819,0.32533,0.36489,1.48672,-0.46080,2.15145,-0.13882,0.18957,-0.83673,-0.14185,-0.49379,20.74002,14.24427,-3.30080
0.03251,1.39060,-0.41303,-0.28258,0.42159,-0.15644,0.46783,0.48612,1.40030,-0.41340,2.52478,-0.90677,0.19213,-0.83736,-0.15217,-0.48864,12.31618,10.91354,-6.57309
0.02824,1.39813,-0.41611,-0.28921,0.44982,-0.17171,0.48985,0.58480,1.34820,-0.72459,2.48252,-1.47254,0.19619,-0.83822,-0.16060,-0.48281,3.40425,7.97347,-4.82711
0.02324,1.40705,-0.42012,-0.30732,0.49596,-0.19948,0.43719,0.65874,1.33253,-1.39761,2.77226,-1.49952,0.20177,-0.83911,-0.16766,-0.47652,-3.35707,4.20506,-1.24309
0.01793,1.41572,-0.42382,-0.32667,0.52692,-0.21558,0.39779,0.70783,1.37935,-1.90805,2.58672,-1.19846,0.20876,-0.83942,-0.17548,-0.47011,-3.83839,3.26012,2.43139
0.01205,1.42477,-0.42760,-0.35040,0.55562,-0.22843,0.32613,0.65788,1.46914,-2.18627,2.37492,-0.69640,0.21806,-0.83829,-0.18258,-0.46518,-4.31267,0.95083,6.04311
0.00488,1.43480,-0.43149,-0.39182,0.59546,-0.24042,0.26475,0.62341,1.65713,-2.55265,1.95853,-0.65305,0.23031,-0.83619,-0.19102,-0.45962,-3.33267,-4.44948,9.73453
-0.00233,1.44420,-0.43503,-0.42404,0.61494,-0.24369,0.28181,0.73304,1.77041,-2.62699,1.25143,-0.24813,0.24019,-0.83565,-0.20137,-0.45105,-0.21264,5.77803,10.61569
-0.00980,1.45360,-0.43837,-0.45165,0.62917,-0.24269,0.32305,0.88396,1.83344,-1.98751,0.97062,0.31881,0.24875,-0.83582,-0.21260,-0.44083,1.94754,12.73297,7.90593
-0.01750,1.46332,-0.44107,-0.47630,0.64550,-0.23049,0.42497,1.02848,1.80976,-1.38620,0.84002,1.40355,0.25434,-0.83633,-0.22471,-0.43055,3.87286,11.59602,-1.27228
-0.02497,1.47285,-0.44309,-0.49152,0.65454,-0.20937,0.52765,0.97231,1.79008,-0.96711,0.47279,1.99065,0.26044,-0.83435,-0.23630,-0.42450,7.46471,1.25041,-1.96288
-0.03214,1.48220,-0.44493,-0.49744,0.65848,-0.19112,0.58927,0.82655,1.76309,-0.43387,0.30291,2.08616,0.26705,-0.83099,-0.24658,-0.42113,8.21711,-9.26297,-2.63040
-0.03904,1.49160,-0.44549,-0.49813,0.66251,-0.15612,0.73833,0.58043,1.63702,0.33163,-0.06112,1.60092,0.27066,-0.82586,-0.25696,-0.42269,9.00786,-15.54026,-7.20097
-0.04537,1.50078,-0.44626,-0.48955,0.66238,-0.13205,0.88777,0.67681,1.43361,1.13168,-0.08593,1.26347,0.26951,-0.82482,-0.26884,-0.41805,10.05940,1.75217,-11.91877
-0.05116,1.51031,-0.44667,-0.47332,0.66798,-0.10750,1.07138,1.04363,1.10081,1.22459,0.54308,1.79482,0.26100,-0.82812,-0.28227,-0.40794,8.84585,24.38335,-22.21964
-0.05700,1.52004,-0.44635,-0.46111,0.67577,-0.07558,1.30182,1.46496,0.80815,0.49496,0.72093,2.67345,0.24909,-0.83236,-0.29840,-0.39509,12.21039,34.00966,-21.52616
-0.06322,1.53007,-0.44518,-0.45859,0.68702,-0.03690,1.51264,1.70863,0.62971,-0.34700,1.07090,3.41048,0.23816,-0.83459,-0.31531,-0.38382,13.48858,25.42386,-14.13953
-0.07013,1.54040,-0.44274,-0.46845,0.70061,0.01517,1.72849,1.72441,0.58282,-0.95866,0.92875,3.72662,0.23000,-0.83335,-0.33323,-0.37628,13.18838,4.94527,-5.48639
-0.07717,1.55079,-0.43975,-0.47916,0.71115,0.06268,1.89758,1.53159,0.59786,-0.63919,0.67842,3.35601,0.22479,-0.82913,-0.35033,-0.37320,12.73114,-11.79661,-1.92973
-0.08390,1.56114,-0.43666,-0.48141,0.71852,0.09987,2.00790,1.38191,0.56240,0.28531,0.54989,2.80180,0.21877,-0.82500,-0.36639,-0.37050,10.43936,-13.61186,-2.82892
-0.08974,1.57210,-0.43288,-0.46781,0.73511,0.13880,2.14456,1.43822,0.42871,1.36708,1.45499,1.54482,0.20805,-0.82242,-0.38346,-0.36511,8.83651,-0.87701,-9.11378
-0.09465,1.58363,-0.42907,-0.44463,0.75785,0.16327,2.21455,1.68252,0.26953,1.74245,1.73200,1.48889,0.19425,-0.82228,-0.40024,-0.35487,4.73849,18.94003,-8.77655
-0.09936,1.59540,-0.42531,-0.42322,0.77909,0.18218,2.26078,1.88245,0.12845,1.46512,1.84194,1.74900,0.17960,-0.82207,-0.41648,-0.34422,1.58758,18.86296,-10.11356
-0.10408,1.60752,-0.42078,-0.40659,0.80126,0.21259,2.33921,1.88334,0.05671,0.53269,1.07411,2.49055,0.16668,-0.81930,-0.43307,-0.33677,4.74821,6.44784,-5.27375
-0.10897,1.61922,-0.41619,-0.39695,0.81217,0.23970,2.38577,1.52570,0.01311,0.61731,0.73419,2.15444,0.15822,-0.81285,-0.44748,-0.33764,4.05613,-18.86002,-5.69636
-0.11379,1.63090,-0.41179,-0.38804,0.81975,0.25686,2.36010,1.07554,-0.06394,0.59691,0.65643,1.14075,0.15159,-0.80535,-0.45898,-0.34318,-0.37404,-34.68347,-10.68945
-0.11865,1.64267,-0.40768,-0.38143,0.82679,0.26654,2.29749,0.67397,-0.10306,0.19754,0.55762,-0.13863,0.14679,-0.79740,-0.46919,-0.34996,-4.61760,-34.06839,-9.70011
-0.12401,1.65424,-0.40441,-0.38449,0.82982,0.26348,2.20437,0.64656,0.00608,-0.53160,0.31358,-1.07771,0.14235,-0.79198,-0.48110,-0.34794,-6.18251,-9.52342,3.28471
-0.12979,1.66565,-0.40177,-0.39334,0.82881,0.25030,2.08159,0.86825,0.24787,-0.75578,0.00480,-1.68551,0.13910,-0.78882,-0.49453,-0.33742,-7.14830,9.32358,17.65110
-0.13541,1.67671,-0.40003,-0.39646,0.82177,0.22423,1.83396,1.12843,0.56237,0.52647,-1.08020,-1.37401,0.13929,-0.78798,-0.50606,-0.32185,-13.07198,17.19398,25.67999
-0.13961,1.68708,-0.39832,-0.37467,0.80428,0.20342,1.59620,1.01785,0.57981,2.47148,-2.06789,-0.65086,0.13871,-0.78589,-0.51275,-0.31657,-17.31404,-0.90742,8.54594
-0.14242,1.69677,-0.39638,-0.33533,0.77985,0.19118,1.44602,0.65758,0.38630,3.94886,-2.57901,-0.68370,0.13688,-0.78166,-0.51676,-0.32128,-14.70003,-24.04551,-12.00821
-0.14180,1.70492,-0.39451,-0.24602,0.73378,0.17846,1.32181,0.32105,-0.07780,6.08563,-3.07989,-1.09295,0.12883,-0.77820,-0.51719,-0.33214,-8.23469,-20.47347,-26.69309
-0.13972,1.71262,-0.39264,-0.15028,0.68954,0.16731,1.33440,0.58960,-0.49282,7.73194,-3.21921,-2.13538,0.11100,-0.77805,-0.52162,-0.33199,-2.01593,6.80960,-31.04686
-0.13689,1.72022,-0.39093,-0.06759,0.65582,0.15682,1.36908,1.30537,-0.72783,9.05080,-3.38747,-1.96497,0.08661,-0.78178,-0.52913,-0.31835,3.66427,47.07921,-21.41534
-0.12808,1.72528,-0.38898,0.09577,0.58575,0.15177,1.63337,2.84490,-1.16964,8.65884,-5.01791,1.04020,0.03832,-0.79016,-0.54130,-0.28493,14.89899,93.90099,-17.00152
-0.12054,1.72915,-0.38582,0.20259,0.50984,0.16798,2.08943,3.51275,-1.54281,6.59191,-5.72586,2.23034,-0.00492,-0.78802,-0.55579,-0.26476,26.78747,56.79734,-27.69262
-0.11350,1.73140,-0.38181,0.27473,0.42490,0.19487,2.65016,3.83434,-1.74557,4.11677,-6.10242,2.43816,-0.04550,-0.77896,-0.57444,-0.24732,41.02418,33.12186,-20.39832
-0.10711,1.73296,-0.37838,0.31886,0.34910,0.20564,3.01795,3.68415,-1.95402,2.24914,-4.48376,-0.36296,-0.08044,-0.76664,-0.59028,-0.23952,25.35192,-10.16063,-26.09943
-0.10185,1.73500,-0.37609,0.33262,0.30084,0.19437,3.20704,3.82895,-1.80979,0.13383,-2.75927,-1.93042,-0.11162,-0.75624,-0.60582,-0.22050,17.40130,-0.77377,-5.46861
-0.09848,1.73693,-0.37526,0.30989,0.26293,0.16103,3.16318,3.76746,-1.31714,-2.51789,-1.42979,-1.54810,-0.13022,-0.74766,-0.62018,-0.19854,12.90886,2.05252,24.03420
-0.09712,1.74003,-0.37503,0.25830,0.25326,0.12551,2.84671,2.99480,-0.99367,-4.63317,-0.20998,-1.45811,-0.13566,-0.74022,-0.62925,-0.19421,-19.57123,-43.26012,23.00694
-0.09751,1.74405,-0.37480,0.19026,0.26173,0.09912,2.25190,1.67284,-0.90565,-6.33847,0.83744,-1.20979,-0.12903,-0.73478,-0.63182,-0.21039,-35.83838,-90.71054,5.89188
-0.10039,1.75064,-0.37492,0.09801,0.31202,0.07368,0.92853,0.12942,-0.65218,-6.57389,5.80713,-2.17365,-0.10205,-0.74251,-0.61757,-0.23848,-97.74173,-113.70360,0.71601
-0.10471,1.75953,-0.37593,0.00147,0.38881,0.03799,-0.20914,-0.82083,0.01114,-5.69758,4.29474,-3.16409,-0.06755,-0.75400,-0.60258,-0.25262,-81.65453,-67.30882,38.25508
-0.10801,1.76732,-0.37695,-0.05474,0.42882,0.01103,-0.72892,-1.21137,0.41298,-4.15145,2.51770,-2.31925,-0.04392,-0.76045,-0.59361,-0.25964,-52.10381,-38.60797,36.44614
-0.11143,1.77453,-0.37801,-0.09853,0.44906,-0.00934,-1.04520,-1.47258,0.67502,-2.45562,0.21335,-1.30713,-0.02216,-0.76530,-0.58561,-0.26625,-30.76474,-21.52029,22.55968
-0.11423,1.78043,-0.37857,-0.12203,0.44239,-0.01693,-1.01886,-1.42503,0.77173,-1.04058,-0.98587,-0.64613,-0.00922,-0.76699,-0.58252,-0.26893,-3.03723,-3.44074,5.48946
-0.11634,1.78543,-0.37869,-0.12873,0.42235,-0.01531,-0.75289,-1.08114,0.82695,-0.14937,-1.70977,0.18950,-0.00404,-0.76687,-0.58466,-0.26470,14.74449,22.95160,5.21519
-0.11799,1.78978,-0.37847,-0.12604,0.39590,-0.00840,-0.44380,-0.72724,0.80672,0.58832,-2.37077,0.71243,-0.00270,-0.76555,-0.58882,-0.25927,22.05638,29.16859,1.93565
-0.11889,1.79367,-0.37818,-0.11092,0.36785,-0.00290,-0.24547,-0.59981,0.58514,1.30561,-1.97559,0.40808,-0.00323,-0.76359,-0.59075,-0.26062,15.77539,12.48750,-12.89808
-0.11977,1.79753,-0.37793,-0.09967,0.34621,0.00081,-0.06116,-0.39213,0.48192,0.48966,-1.46083,-0.10978,-0.00462,-0.76191,-0.59382,-0.25855,13.70434,11.02992,-14.72706
-0.12106,1.80059,-0.37786,-0.09826,0.31590,-0.00035,0.20965,0.02953,0.54314,-0.22154,-1.40426,-0.24760,-0.00840,-0.75997,-0.60068,-0.24811,14.79255,23.94812,2.57466
-0.12271,1.80400,-0.37793,-0.10334,0.29841,-0.00340,0.33826,0.26455,0.65307,-0.48127,-1.57659,-0.12088,-0.00859,-0.75866,-0.60620,-0.23852,12.13671,23.11642,9.20463
-0.12450,1.80713,-0.37815,-0.10921,0.28094,-0.00814,0.39789,0.34199,0.70551,-0.30098,-1.54666,-0.25492,-0.00748,-0.75718,-0.61074,-0.23157,6.83330,11.88502,6.53396
-0.12595,1.80976,-0.37886,-0.10762,0.25912,-0.01968,0.33461,0.20968,0.62329,0.41712,-1.12143,-0.68755,-0.00491,-0.75624,-0.61218,-0.23091,-2.15092,-6.00969,-3.24029
-0.12716,1.81288,-0.37986,-0.10256,0.25049,-0.03312,0.19898,0.05322,0.51385,0.53630,-0.52018,-1.36506,-0.00180,-0.75644,-0.61133,-0.23253,-8.35111,-13.30615,-9.69481
-0.12807,1.81607,-0.38148,-0.09356,0.24544,-0.05364,-0.00904,-0.08393,0.40345,0.63565,-0.24714,-1.64807,0.00181,-0.75841,-0.60785,-0.23522,-14.90949,-12.62788,-9.29697
-0.12873,1.81904,-0.38349,-0.08251,0.23730,-0.07552,-0.19200,-0.18092,0.31364,0.82306,-0.76532,-1.16183,0.00531,-0.76086,-0.60384,-0.23760,-11.76626,-4.19138,-4.89910
-0.12924,1.82185,-0.38527,-0.07154,0.22875,-0.08789,-0.27236,-0.27021,0.20445,0.94606,-0.62743,-1.04539,0.00780,-0.76213,-0.60079,-0.24116,-8.71767,-10.40268,-8.88091
-0.12949,1.82455,-0.38713,-0.05886,0.22055,-0.09884,-0.27273,-0.16921,0.18434,0.72982,-0.24348,-1.05204,0.00826,-0.76351,-0.59950,-0.23995,-1.26956,2.95444,-4.18473
-0.12977,1.82734,-0.38926,-0.05012,0.21572,-0.11202,-0.24851,0.02936,0.27074,0.38744,-0.19993,-0.75408,0.00862,-0.76530,-0.59950,-0.23417,1.33454,13.11958,4.92250
-0.13024,1.83010,-0.39128,-0.04641,0.21107,-0.12013,-0.22329,0.11660,0.35716,0.25617,-0.61943,-0.11875,0.01048,-0.76653,-0.59976,-0.22936,1.99003,11.29754,6.93431
-0.13068,1.83255,-0.39331,-0.04282,0.20248,-0.12658,-0.26979,-0.04763,0.31856,0.46448,-0.89353,-0.35722,0.01453,-0.76732,-0.59790,-0.23137,-1.46500,-8.78386,-0.34353
-0.13057,1.83467,-0.39544,-0.03081,0.18971,-0.13429,-0.36020,-0.17862,0.26057,0.98978,-0.74801,-0.84301,0.01850,-0.76895,-0.59459,-0.23419,-5.19667,-12.20842,-4.72127
-0.12995,1.83671,-0.39768,-0.01225,0.17858,-0.14181,-0.45294,-0.13561,0.19692,1.50268,-0.92454,-0.45225,0.01980,-0.77192,-0.59071,-0.23412,-6.33448,2.09424,-3.25844
-0.12906,1.83852,-0.39974,0.00646,0.16654,-0.14361,-0.48300,-0.09233,0.11824,1.56105,-1.10067,0.13200,0.01994,-0.77437,-0.58740,-0.23435,-5.29355,3.74929,-6.51433
-0.12775,1.83990,-0.40144,0.02729,0.14995,-0.13841,-0.43770,-0.04274,0.05531,1.41836,-1.21851,0.54251,0.01920,-0.77579,-0.58556,-0.23432,2.36386,3.10723,-5.21642
-0.12622,1.84099,-0.40289,0.04687,0.13224,-0.13009,-0.35484,0.03841,0.01693,1.37803,-1.20542,0.43497,0.01761,-0.77666,-0.58490,-0.23321,5.98761,4.05139,-3.65730
-0.12442,1.84180,-0.40422,0.06670,0.11427,-0.12164,-0.26197,0.19256,0.00852,1.42533,-1.38919,0.72591,0.01469,-0.77763,-0.58510,-0.22965,6.51320,11.49623,-0.49787
-0.12243,1.84238,-0.40538,0.08498,0.09654,-0.11238,-0.22279,0.19391,-0.06273,1.26585,-1.30249,0.87229,0.01246,-0.77838,-0.58417,-0.22962,4.87839,4.11417,-3.64676
-0.12041,1.84296,-0.40647,0.09906,0.08346,-0.10410,-0.22060,0.16024,-0.13327,1.16274,-0.94546,0.69232,0.01065,-0.77935,-0.58243,-0.23081,0.42037,-4.35368,-6.93701
-0.11805,1.84348,-0.40722,0.11548,0.07268,-0.09225,-0.24415,0.06016,-0.22916,0.76792,-0.43722,0.91445,0.00925,-0.78026,-0.57986,-0.23425,0.03352,-2.85818,-5.36038
-0.11615,1.84445,-0.40815,0.11982,0.07198,-0.08605,-0.31893,-0.09441,-0.25806,-0.10845,0.47460,0.07747,0.01059,-0.78154,-0.57620,-0.23889,-5.51594,-14.50752,-5.45197
-0.11461,1.84560,-0.40914,0.11736,0.07439,-0.08260,-0.33901,-0.08962,-0.17005,-0.44936,0.47916,0.25524,0.01219,-0.78305,-0.57417,-0.23878,-4.52842,-3.87126,4.48366
-0.11366,1.84729,-0.41005,0.10552,0.08560,-0.07859,-0.45367,-0.33267,-0.05549,-0.68103,0.82706,0.26143,0.01978,-0.78447,-0.57012,-0.24326,-6.18902,-12.74882,6.75052
-0.11252,1.84937,-0.41095,0.09970,0.10122,-0.07520,-0.56865,-0.53173,-0.03452,-0.14338,1.29404,0.45446,0.02621,-0.78617,-0.56490,-0.24929,-8.80000,-15.56592,3.75064
-0.11123,1.85184,-0.41151,0.09777,0.11934,-0.06683,-0.61214,-0.67857,-0.06642,-0.34242,1.67712,0.75182,0.03118,-0.78713,-0.56022,-0.25615,-6.52107,-14.45948,-2.45178
-0.11026,1.85501,-0.41141,0.09099,0.14537,-0.04902,-0.57744,-0.67545,-0.04290,-0.50742,1.69183,1.26221,0.03484,-0.78775,-0.55753,-0.25961,1.96605,-0.59794,1.86780
-0.10957,1.85843,-0.41082,0.08047,0.17009,-0.02610,-0.50263,-0.74066,-0.04993,-0.87498,1.45613,1.66181,0.03865,-0.78713,-0.55566,-0.26492,3.71540,-4.11817,-0.05285
-0.10894,1.86135,-0.41028,0.07195,0.17968,-0.01054,-0.42259,-0.72065,-0.00421,-1.33874,1.27327,2.00423,0.04230,-0.78653,-0.55481,-0.26790,5.29812,-4.47891,-0.33433
-0.10965,1.86424,-0.40738,0.04313,0.18603,0.04077,-0.07357,-0.68679,0.15221,-1.68272,-0.18455,3.58575,0.04622,-0.78121,-0.56171,-0.26844,19.07796,5.16735,10.65427
-0.11040,1.86667,-0.40430,0.01995,0.18359,0.08393,0.20104,-0.85526,0.16277,-1.58067,-0.28278,2.73586,0.05081,-0.77427,-0.56750,-0.27544,20.85367,-11.66868,3.33335
-0.11129,1.86920,-0.40135,-0.00029,0.18369,0.11421,0.35930,-0.98046,0.16598,-1.38320,0.14893,1.65578,0.05558,-0.76805,-0.57207,-0.28240,14.79246,-9.09962,1.20665
-0.11250,1.87192,-0.39878,-0.02109,0.18668,0.13140,0.39800,-1.08721,0.18321,-1.66929,0.17574,0.88021,0.06148,-0.76300,-0.57476,-0.28932,4.25590,-8.83513,-0.47412
-0.11408,1.87454,-0.39644,-0.04286,0.18752,0.14075,0.37381,-1.20936,0.22022,-2.03030,0.05250,0.90849,0.06905,-0.75839,-0.57629,-0.29659,-0.03453,-6.93866,3.38416
-0.11692,1.87703,-0.39385,-0.08099,0.18570,0.15214,0.33006,-1.32812,0.36254,-2.74592,-0.10533,0.50690,0.07991,-0.75365,-0.57795,-0.30265,-3.52625,-11.46575,5.85959
-0.12038,1.87931,-0.39130,-0.12069,0.18081,0.16070,0.36493,-1.17281,0.59669,-3.10414,0.08828,-0.17434,0.08889,-0.74959,-0.58266,-0.30120,0.10602,3.71891,14.65591
-0.12446,1.88190,-0.38908,-0.16094,0.18233,0.16134,0.36605,-0.87611,0.90794,-3.74538,0.25426,0.01694,0.09795,-0.74721,-0.58838,-0.29310,-1.04395,23.84843,23.78833
-0.13129,1.88456,-0.38669,-0.23895,0.18458,0.16476,0.34041,-0.82313,1.33625,-6.51739,0.12590,1.30591,0.11420,-0.74310,-0.59451,-0.28517,-4.52842,10.38810,25.45007
-0.14093,1.88668,-0.38378,-0.34734,0.17688,0.17540,0.36808,-1.22562,1.83232,-8.53850,-0.85904,1.10212,0.14119,-0.73318,-0.60144,-0.28422,1.58261,-21.73986,34.52137
-0.15200,1.88850,-0.38118,-0.45196,0.16637,0.17803,0.33190,-1.79201,2.23547,-8.94232,-0.96812,-0.03907,0.17394,-0.72086,-0.60585,-0.28818,2.44995,-43.56687,34.27270
-0.16709,1.88937,-0.37974,-0.60102,0.14155,0.15991,0.20914,-2.56559,2.82524,-7.11314,-1.83190,-1.92042,0.21905,-0.70455,-0.60787,-0.29346,-3.83440,-43.41391,34.99081
-0.18029,1.89028,-0.37943,-0.68539,0.12345,0.12749,0.03559,-3.00922,3.08459,-5.26200,-1.31146,-3.09138,0.25739,-0.69086,-0.60629,-0.29813,-7.21084,-41.57333,16.73307
-0.19302,1.89075,-0.37953,-0.74005,0.10219,0.09600,-0.09698,-3.12373,3.31138,-3.91927,-2.22186,-2.89728,0.29241,-0.67819,-0.60522,-0.29708,-13.20785,-16.49750,17.85372
-0.20661,1.89012,-0.38088,-0.79689,0.06698,0.05033,-0.23961,-3.16802,3.56419,-3.74693,-2.21720,-3.15672,0.32824,-0.66506,-0.60335,-0.29313,-9.57681,-6.90842,11.92484
-0.22081,1.88854,-0.38256,-0.85177,0.02304,0.00915,-0.35601,-3.15390,3.91845,-4.11865,-3.89831,-2.76084,0.36581,-0.65022,-0.60200,-0.28461,-15.35303,1.53100,22.14118
-0.23514,1.88631,-0.38429,-0.89402,-0.02007,-0.02197,-0.38592,-3.28518,4.17104,-4.61943,-4.81699,-2.90633,0.40455,-0.63172,-0.59953,-0.27897,-8.70699,-7.41218,23.80983
-0.25221,1.88008,-0.38775,-0.97112,-0.11984,-0.07442,-0.33539,-3.57985,4.74473,-4.67066,-7.52613,-3.54192,0.45241,-0.60433,-0.59768,-0.26998,-1.33596,-16.44345,33.44711
-0.26813,1.87203,-0.39263,-1.01082,-0.22709,-0.13984,-0.16353,-4.14861,5.11730,-0.65869,-7.68046,-5.15424,0.50211,-0.56992,-0.59227,-0.26886,9.29046,-27.80826,38.44414
-0.28141,1.86421,-0.39915,-0.99693,-0.30376,-0.21590,-0.08493,-4.62465,5.24487,3.39704,-5.63389,-7.77578,0.54865,-0.53584,-0.58194,-0.27057,25.93145,-43.25186,17.70303
-0.28984,1.85570,-0.40938,-0.90474,-0.37348,-0.33623,-0.34269,-4.78976,5.28270,8.39173,-3.04367,-8.34718,0.59198,-0.50874,-0.56618,-0.26494,-8.36768,-17.18934,2.82528
-0.29480,1.84862,-0.42011,-0.77517,-0.40467,-0.43795,-0.89394,-4.53484,5.17912,10.64498,-1.65392,-7.14415,0.62842,-0.49245,-0.54788,-0.24982,-30.07182,-3.68496,-17.76777
-0.29867,1.84198,-0.42955,-0.66203,-0.42103,-0.49252,-1.36072,-4.15299,5.08945,12.63580,-1.39846,-4.52533,0.66060,-0.47844,-0.53099,-0.22967,-51.15526,13.68354,-21.37780
-0.29196,1.83604,-0.43790,-0.40038,-0.42017,-0.51386,-2.07541,-2.99249,4.61080,17.78725,1.19563,2.24210,0.67502,-0.48490,-0.52023,-0.19644,-51.91795,41.69532,-38.63787
-0.28180,1.83346,-0.44087,-0.13483,-0.36236,-0.44167,-2.01294,-1.82208,3.77095,21.03057,6.74975,8.26059,0.67412,-0.49103,-0.52255,-0.17720,-23.72389,69.76954,-61.70221
-0.26611,1.83786,-0.43895,0.16079,-0.20055,-0.30482,-1.55032,-0.50755,2.42841,23.93294,15.26124,12.70306,0.65369,-0.50620,-0.53595,-0.17088,18.40699,84.09873,-91.89024
-0.24068,1.85378,-0.42785,0.55804,0.12328,-0.03973,-0.82307,1.72162,-0.27670,28.62691,23.97603,20.01613,0.58593,-0.55180,-0.56570,-0.17941,28.66020,117.17340,-172.45950
-0.20823,1.87677,-0.41020,0.98819,0.49472,0.27809,0.15145,4.23971,-3.33376,37.74399,26.97117,26.24427,0.48085,-0.60518,-0.60364,-0.19533,37.18082,166.45580,-214.10500
-0.16015,1.90427,-0.38472,1.58730,0.85106,0.65349,1.66681,7.24724,-7.44390,50.12262,20.46209,26.79997,0.30929,-0.66234,-0.64273,-0.22924,59.71758,196.84530,-306.93550
-0.09274,1.92526,-0.35735,2.37521,1.00471,0.96774,3.04726,10.18903,-11.43626,59.60400,2.63715,15.96246,0.09400,-0.69881,-0.66039,-0.25828,84.27387,209.81940,-313.17380
-0.00879,1.92872,-0.33688,3.25760,0.81340,1.08480,3.84757,12.92518,-13.97498,66.74438,-33.75976,-2.09467,-0.12391,-0.70465,-0.65091,-0.25382,20.75313,212.53300,-187.91460
0.08372,1.90143,-0.33277,4.05819,0.14935,0.89249,5.03442,16.69570,-16.21391,59.46849,-71.94195,-32.22322,-0.37797,-0.65989,-0.61424,-0.21070,127.48110,162.31460,-232.62640
0.17662,1.82464,-0.36130,4.65861,-1.19729,0.18330,7.73659,20.02902,-17.90273,14.35971,-96.10110,-57.71799,-0.62437,-0.52931,-0.55594,-0.14467,178.57840,97.98874,-260.70760
0.22983,1.73148,-0.41534,4.43851,-2.51570,-0.79848,9.51376,20.40847,-19.95856,-46.21600,-91.02949,-75.62008,-0.80081,-0.36871,-0.45645,-0.12005,-23.70097,104.68760,-189.02550
0.24082,1.64126,-0.47954,3.56612,-3.44561,-1.69879,10.22536,19.71030,-21.51246,-95.46347,-59.40197,-69.57729,-0.91419,-0.19947,-0.33649,-0.10603,-96.84073,101.02560,-108.16080
0.19869,1.56626,-0.54864,2.02330,-3.87734,-2.45436,11.45230,18.31358,-21.30873,-114.97490,1.35292,-35.59915,-0.96672,-0.03047,-0.24468,-0.06825,-87.78793,1.54650,-51.57599
0.13675,1.53060,-0.59529,0.52392,-3.55527,-2.65420,11.35763,15.59727,-19.89485,-92.32494,37.82335,7.48192,-0.97627,0.09438,-0.18926,-0.04650,-156.82170,-140.02810,3.07679
0.08217,1.52089,-0.61238,-0.49650,-2.88597,-2.31634,9.09839,12.10174,-17.67290,-54.12703,49.61144,38.29789,-0.97150,0.15766,-0.16366,-0.06739,-231.33070,-106.18160,191.71240
0.04523,1.51756,-0.60601,-0.98531,-2.27150,-1.67383,5.35298,8.79691,-14.77431,-17.53573,32.24978,50.24677,-0.96482,0.16857,-0.15815,-0.12528,-238.80100,-79.13009,267.32250
0.02551,1.50534,-0.59329,-1.07786,-1.95232,-1.08730,1.22892,6.49265,-11.73665,3.40825,24.75611,51.02802,-0.95538,0.14327,-0.15168,-0.20908,-306.42350,40.20340,377.16460
0.00889,1.50090,-0.56775,-1.10216,-1.57894,-0.42772,-2.53420,5.73817,-8.23937,4.22288,29.86713,35.71565,-0.94389,0.07571,-0.12609,-0.29570,-134.09840,148.15420,337.74160
-0.00064,1.50396,-0.54673,-0.99767,-1.15656,0.02316,-3.52858,4.13335,-6.85873,12.97528,30.29796,20.94501,-0.92724,0.07809,-0.12629,-0.34378,-81.87429,-53.10927,130.79640
-0.00160,1.50900,-0.53625,-0.77620,-0.80119,0.19296,-3.72909,2.93189,-6.08174,24.10666,31.54271,7.54237,-0.91288,0.09482,-0.12463,-0.37699,-41.13418,-57.55540,86.82329
0.01607,1.52260,-0.53441,-0.29160,-0.38846,0.17394,-2.15067,0.56294,-3.95105,36.59864,21.60682,-7.08990,-0.91318,0.09419,-0.17649,-0.35508,67.81820,-127.68220,128.11000
0.04312,1.53155,-0.53877,0.24328,-0.14582,0.05674,-0.58931,-0.93658,-0.18287,36.00580,12.45758,-7.93904,-0.91970,0.03721,-0.23907,-0.30921,99.82272,-155.68140,236.14070
0.07229,1.53859,-0.54271,0.67631,0.00599,-0.02179,0.28796,-1.07072,3.31605,33.37476,12.52808,-3.26313,-0.92240,-0.05113,-0.27751,-0.26372,78.92561,1.33097,341.79720
0.10566,1.55005,-0.54105,1.07472,0.19508,0.01349,0.50805,-1.96306,6.61607,17.46893,9.75864,5.95153,-0.90155,-0.15219,-0.33916,-0.22139,21.50572,-51.56199,227.52640
0.12937,1.55992,-0.53289,1.22285,0.31596,0.14992,-0.13397,-2.82678,7.95642,3.42562,8.12000,13.13070,-0.86751,-0.22279,-0.39235,-0.20942,-19.13799,-84.68958,111.15700
0.14474,1.56943,-0.51978,1.19322,0.40185,0.33722,-1.89879,-2.25048,7.84720,-9.22199,4.06356,14.56768,-0.83783,-0.28378,-0.40095,-0.23821,-92.98318,-33.34368,18.68647
0.15151,1.57685,-0.50458,1.02461,0.43107,0.51482,-3.29520,-2.01912,7.27295,-17.19441,4.96636,9.48118,-0.80611,-0.33031,-0.40736,-0.27410,-130.10340,-46.80115,-74.78484
0.15477,1.58398,-0.49106,0.83971,0.44891,0.62149,-3.54292,-3.07461,5.91540,-11.74243,2.77047,4.13516,-0.77456,-0.33684,-0.44028,-0.30453,-22.70261,-55.21907,-89.42609
0.15809,1.58990,-0.48167,0.69984,0.44318,0.63248,-3.51482,-2.97667,5.27772,-10.96127,-1.68589,-1.47509,-0.75073,-0.35726,-0.45542,-0.31838,40.33549,-36.15348,-44.88124
0.16145,1.59513,-0.47634,0.59284,0.42769,0.57326,-3.37215,-2.49968,4.89038,-6.29275,-0.71891,-5.74173,-0.73156,-0.38277,-0.46059,-0.32583,-9.05255,31.33909,-42.75045
0.16473,1.60006,-0.47321,0.50936,0.41092,0.49127,-3.01380,-2.14554,4.65331,-5.60741,-1.49003,-5.85472,-0.71360,-0.40628,-0.46859,-0.32578,24.94964,27.81676,-20.63813
0.16760,1.60456,-0.47131,0.43820,0.39067,0.40837,-3.04387,-1.54797,4.46794,-5.13566,-2.06972,-5.54692,-0.69612,-0.43592,-0.46582,-0.32924,-4.29741,36.40532,-18.05854
0.16953,1.60811,-0.46985,0.36836,0.36141,0.33964,-3.17399,-1.10739,4.24790,-4.80840,-2.54717,-4.29734,-0.67749,-0.46467,-0.46093,-0.33561,-18.02711,29.81563,-23.97827
0.16970,1.61000,-0.46774,0.28303,0.31067,0.29809,-3.25182,-0.99433,3.82676,-5.29243,-2.62877,-1.12862,-0.65868,-0.48559,-0.45858,-0.34649,-7.10923,7.74535,-27.59921
0.16941,1.61225,-0.46413,0.20985,0.27869,0.28796,-3.36329,-1.07113,3.51341,-5.03599,-2.21983,-0.55389,-0.63632,-0.50516,-0.45891,-0.35960,1.13681,-13.62668,-20.23516
0.16898,1.61429,-0.46046,0.15343,0.25709,0.27784,-3.46923,-1.10075,3.24789,-4.38706,-1.02887,-1.43198,-0.61391,-0.52429,-0.45723,-0.37305,-12.12802,-9.08332,-24.08088
0.16785,1.61643,-0.45764,0.09905,0.24328,0.25457,-3.38741,-1.15437,3.10569,-3.30303,-0.30747,-2.33346,-0.59163,-0.54169,-0.45848,-0.38255,6.51028,-6.91437,-13.24786
0.16643,1.61915,-0.45662,0.05184,0.23827,0.20701,-3.43216,-1.00219,3.09436,-2.92085,-0.60904,-3.62754,-0.56862,-0.56379,-0.45499,-0.38959,-1.39915,6.96801,-1.38448
0.16529,1.62151,-0.45642,0.02101,0.22714,0.15786,-3.60697,-0.76628,2.99589,-2.58648,-1.31340,-4.41249,-0.54635,-0.58679,-0.44568,-0.39817,-13.41237,13.13457,-7.85847
0.16401,1.62339,-0.45733,-0.00449,0.21074,0.10302,-3.75513,-0.51595,2.83621,-1.77233,-0.93916,-5.10908,-0.52574,-0.60880,-0.43312,-0.40666,-19.44593,14.23354,-18.25259
0.16274,1.62522,-0.46074,-0.02341,0.19575,0.02055,-3.54574,-0.14285,2.82193,-0.51466,-0.46019,-5.69258,-0.50938,-0.63027,-0.42358,-0.40481,5.16600,19.79332,-9.59661
0.16197,1.62685,-0.46426,-0.03008,0.18148,-0.04557,-3.21450,0.27712,2.94683,-0.45825,-1.17916,-3.88291,-0.49397,-0.65305,-0.41620,-0.39534,15.56799,37.60954,1.81036
0.16069,1.62793,-0.46684,-0.04401,0.16071,-0.07983,-2.87718,0.44919,3.03131,-1.59011,-2.08639,-2.01392,-0.47746,-0.67237,-0.41283,-0.38669,24.01954,26.53026,3.16279
0.15746,1.62725,-0.46906,-0.08759,0.11452,-0.09911,-2.77329,0.46386,2.96220,-3.01343,-3.57853,0.31917,-0.45961,-0.68968,-0.40709,-0.38390,8.40879,3.99630,-2.24893
0.15405,1.62606,-0.46996,-0.12421,0.06927,-0.09147,-2.89827,0.29300,2.73431,-3.18570,-4.19502,1.33219,-0.43990,-0.70433,-0.39790,-0.38998,-7.21113,-13.52313,-13.05466
0.15037,1.62425,-0.47026,-0.15529,0.02600,-0.07638,-2.99983,0.08705,2.50457,-3.06345,-4.45631,1.67726,-0.42006,-0.71674,-0.38867,-0.39848,-7.54492,-23.84517,-17.10288
0.14499,1.61915,-0.46936,-0.20687,-0.06179,-0.04503,-3.06375,-0.23447,2.05054,-2.06252,-4.08187,1.30026,-0.40383,-0.72289,-0.37864,-0.41350,-0.56426,-20.61804,-18.63150
0.14080,1.61558,-0.46901,-0.22861,-0.10638,-0.02917,-2.93422,-0.34931,1.87572,-1.54558,-2.94525,0.78901,-0.38783,-0.73093,-0.37194,-0.42070,5.87610,-15.06943,-17.83414
0.13621,1.61149,-0.46866,-0.25179,-0.14921,-0.01720,-2.56653,-0.33219,1.83162,-1.15803,-2.24738,0.26915,-0.37454,-0.73827,-0.37042,-0.42126,22.25313,1.25013,-3.33108
